id,title,content,image_link
9a78039b-787e-418d-93a6-39ea4239b190,Exciting Match Ends in Draw,The match between Team A and Team B ended in a thrilling draw with both teams scoring 2 goals each.,http://example.com/image1.jpg
3d446b38-8b3c-485a-8f9c-62eb554def7c,Player X Scores Hat-trick,Player X scored a hat-trick to lead his team to a 3-1 victory.,http://example.com/image2.jpg
5fe8669b-dcdc-4725-a9e8-c1cb4c9ac0ac,Team Y Wins Championship,Team Y clinched the championship title after a hard-fought season.,http://example.com/image3.jpg
f0a554f0-4984-42aa-aefc-541a7d04df20,Injury Update on Player Z,Player Z is expected to be out for 6 weeks due to a knee injury.,http://example.com/image4.jpg
e007e8aa-f999-4566-b373-3fd718935ab8,Coach A Resigns,Coach A has resigned from his position after a series of poor results.,http://example.com/image5.jpg
673116e8-d20b-4c6a-ad26-35353fa922ff,New Signing for Team B,Team B has announced the signing of Player Y from Team C.,http://example.com/image6.jpg
05a2c7f5-4ed4-4759-9ace-a07e450253b1,Team C's Winning Streak Continues,Team C continues their winning streak with a 2-0 victory over Team D.,http://example.com/image7.jpg
e7f7ca8c-5ef1-404a-b34b-7ce92950d45c,Player W Retires,Player W has announced his retirement from professional football.,http://example.com/image8.jpg
6f9da7d7-e6a6-4240-bf8b-cf647bd9ac7b,Team E's New Manager,Team E has appointed Manager X as their new head coach.,http://example.com/image9.jpg
85e71b30-64d0-4e55-b3eb-a4af1d6da5d6,Player V Breaks Record,Player V has broken the record for most goals scored in a single season.,http://example.com/image10.jpg
8e93c166-a811-468a-a3b2-f67a8de546c1,Team F's Youth Academy Success,Team F's youth academy has produced several promising talents this season.,http://example.com/image11.jpg
19f0ddb6-47e0-44be-b6da-b64630b073bf,Player U's Charity Work,Player U has been recognized for his charity work off the field.,http://example.com/image12.jpg
038740ea-21fe-402c-927b-d17b46291d6f,Team G's Defensive Record,Team G has set a new defensive record with the least goals conceded.,http://example.com/image13.jpg
e90a4bb8-ce5f-4906-9c17-299e30e27193,Player T's Transfer Rumors,There are rumors that Player T might be transferring to Team H.,http://example.com/image14.jpg
8a11101e-7788-4863-973d-2d0579e9f4a4,Team I's Financial Troubles,Team I is facing financial troubles and might have to sell key players.,http://example.com/image15.jpg